topic,direction,agent,condition,platform,dataset
3hu9k,negative,claude,0,osf,3hu9k
3hu9k,negative,claude,1,osf,3hu9k
3hu9k,negative,claude,2,osf,3hu9k
3hu9k,negative,claude,2,github,stanford-policylab/opp
3hu9k,negative,claude,3,osf,3hu9k
3hu9k,negative,claude,4,osf,3hu9k
3hu9k,negative,claude,5,osf,3hu9k
3hu9k,negative,codex,0,osf,3hu9k
3hu9k,negative,codex,0,github,fatimakay/policing-the-police
3hu9k,negative,codex,1,osf,3hu9k
3hu9k,negative,codex,1,github,fatimakay/policing-the-police
3hu9k,negative,codex,2,github,fatimakay/policing-the-police
3hu9k,negative,codex,2,osf,3hu9k
3hu9k,negative,codex,2,kaggle,faressayah/stanford-open-policing-project
3hu9k,negative,codex,2,github,alejo1630/opp_EDA
3hu9k,negative,codex,2,github,5harad/openpolicing
3hu9k,negative,codex,3,osf,3hu9k
3hu9k,negative,codex,3,github,fatimakay/policing-the-police
3hu9k,negative,codex,4,osf,3hu9k
3hu9k,negative,codex,4,github,fatimakay/policing-the-police
3hu9k,negative,codex,5,osf,3hu9k
3hu9k,negative,codex,5,github,fatimakay/policing-the-police
3hu9k,negative,gemini,0,osf,3hu9k
3hu9k,negative,gemini,0,github,fatimakay/policing-the-police
3hu9k,negative,gemini,1,osf,3hu9k
3hu9k,negative,gemini,1,github,fatimakay/policing-the-police
3hu9k,negative,gemini,2,osf,3hu9k
3hu9k,negative,gemini,2,github,fatimakay/policing-the-police
3hu9k,negative,gemini,2,github,5harad/openpolicing
3hu9k,negative,gemini,2,kaggle,stanford-open-policing/stanford-open-policing-project-bundle-1
3hu9k,negative,gemini,2,kaggle,stanford-open-policing/stanford-open-policing-project-bundle-2
3hu9k,negative,gemini,2,github,maxtakacs/PySparkPoliceBias
3hu9k,negative,gemini,2,github,nimbuscloudservices/CST383-Project
3hu9k,negative,gemini,3,osf,3hu9k
3hu9k,negative,gemini,4,osf,3hu9k
3hu9k,negative,gemini,4,github,fulldecent/philadelphia-traffic-court-rtk
3hu9k,negative,gemini,4,github,wulucy/philly-traffic-court
3hu9k,negative,gemini,4,github,idealidler/Philadelphia-Traffic-analysis
3hu9k,negative,gemini,5,github,fatimakay/policing-the-police
3hu9k,negative,gemini,5,osf,3hu9k
3hu9k,negative,gemini,5,github,yun-ch0i/driving-while-black
3hu9k,negative,gemini,5,github,fulldecent/philadelphia-traffic-court-rtk
3hu9k,positive,claude,0,osf,3hu9k
3hu9k,positive,claude,1,osf,3hu9k
3hu9k,positive,claude,2,github,fatimakay/policing-the-police
3hu9k,positive,claude,2,osf,3hu9k
3hu9k,positive,claude,2,github,stanford-policylab/opp
3hu9k,positive,claude,3,osf,3hu9k
3hu9k,positive,claude,4,osf,3hu9k
3hu9k,positive,claude,5,osf,3hu9k
3hu9k,positive,codex,0,osf,3hu9k
3hu9k,positive,codex,0,github,fatimakay/policing-the-police
3hu9k,positive,codex,1,osf,3hu9k
3hu9k,positive,codex,1,github,fatimakay/policing-the-police
3hu9k,positive,codex,2,osf,3hu9k
3hu9k,positive,codex,2,github,fatimakay/policing-the-police
3hu9k,positive,codex,2,github,alejo1630/opp_EDA
3hu9k,positive,codex,3,github,fatimakay/policing-the-police
3hu9k,positive,codex,3,osf,3hu9k
3hu9k,positive,codex,4,osf,3hu9k
3hu9k,positive,codex,4,github,fatimakay/policing-the-police
3hu9k,positive,codex,5,osf,3hu9k
3hu9k,positive,codex,5,github,fatimakay/policing-the-police
3hu9k,positive,gemini,0,osf,3hu9k
3hu9k,positive,gemini,0,github,fatimakay/policing-the-police
3hu9k,positive,gemini,1,osf,3hu9k
3hu9k,positive,gemini,1,github,fatimakay/policing-the-police
3hu9k,positive,gemini,2,osf,3hu9k
3hu9k,positive,gemini,2,github,fatimakay/policing-the-police
3hu9k,positive,gemini,2,github,yun-ch0i/driving-while-black
3hu9k,positive,gemini,3,osf,3hu9k
3hu9k,positive,gemini,3,github,fatimakay/policing-the-police
3hu9k,positive,gemini,4,osf,3hu9k
3hu9k,positive,gemini,5,osf,3hu9k
3hu9k,positive,gemini,5,osf,jntr6
3hu9k,positive,gemini,5,github,fatimakay/policing-the-police
6jmfx,negative,claude,0,osf,6jmfx
6jmfx,negative,claude,0,osf,xyjwh
6jmfx,negative,claude,1,osf,xyjwh
6jmfx,negative,claude,1,osf,6jmfx
6jmfx,negative,claude,2,osf,xyjwh
6jmfx,negative,claude,2,osf,6jmfx
6jmfx,negative,claude,2,osf,hx47d
6jmfx,negative,claude,2,osf,95ghd
6jmfx,negative,claude,3,osf,xyjwh
6jmfx,negative,claude,3,osf,6jmfx
6jmfx,negative,claude,4,osf,xyjwh
6jmfx,negative,claude,4,osf,6jmfx
6jmfx,negative,claude,5,osf,xyjwh
6jmfx,negative,claude,5,osf,6jmfx
6jmfx,negative,codex,0,osf,xyjwh
6jmfx,negative,codex,0,osf,6jmfx
6jmfx,negative,codex,0,kaggle,drpedropinto/llms-dataset-ufpb
6jmfx,negative,codex,0,osf,2fudc
6jmfx,negative,codex,1,osf,xyjwh
6jmfx,negative,codex,1,osf,6jmfx
6jmfx,negative,codex,1,kaggle,drpedropinto/llms-dataset-ufpb
6jmfx,negative,codex,1,osf,2fudc
6jmfx,negative,codex,1,osf,h4up2
6jmfx,negative,codex,2,osf,xyjwh
6jmfx,negative,codex,2,kaggle,drpedropinto/llms-dataset-ufpb
6jmfx,negative,codex,2,osf,6jmfx
6jmfx,negative,codex,3,osf,xyjwh
6jmfx,negative,codex,3,osf,6jmfx
6jmfx,negative,codex,3,kaggle,sridipbasu/ai-depndency-career-anxiety-and-student-burnout
6jmfx,negative,codex,4,osf,6jmfx
6jmfx,negative,codex,4,osf,h4up2
6jmfx,negative,codex,4,kaggle,sridipbasu/ai-depndency-career-anxiety-and-student-burnout
6jmfx,negative,codex,4,osf,wbkqv
6jmfx,negative,codex,4,osf,xyjwh
6jmfx,negative,codex,4,kaggle,researchailabs/genai-student-engagement-and-academic-impact
6jmfx,negative,codex,4,kaggle,balams81/ai-in-stem-education
6jmfx,negative,codex,4,osf,gzfv4
6jmfx,negative,codex,5,osf,6en4z
6jmfx,negative,codex,5,osf,v5c4u
6jmfx,negative,codex,5,kaggle,nudratabbas/ai-worker-burnout-and-attrition-risk-dataset
6jmfx,negative,codex,5,osf,x8976
6jmfx,negative,codex,5,osf,mty4c
6jmfx,negative,codex,5,osf,39x4v
6jmfx,negative,codex,5,osf,aphf8
6jmfx,negative,codex,5,osf,xyjwh
6jmfx,negative,codex,5,osf,qbgm3
6jmfx,negative,codex,5,kaggle,sridipbasu/ai-depndency-career-anxiety-and-student-burnout
6jmfx,negative,codex,5,kaggle,laveshjadon/ai-impact-on-students
6jmfx,negative,codex,5,osf,w6mjx
6jmfx,negative,codex,5,hf,achiepatricia/han-human-cognitive-load-signals-v1
6jmfx,negative,codex,5,osf,6jmfx
6jmfx,negative,gemini,0,osf,xyjwh
6jmfx,negative,gemini,0,osf,6jmfx
6jmfx,negative,gemini,0,kaggle,drpedropinto/llms-dataset-ufpb
6jmfx,negative,gemini,0,osf,m8prf
6jmfx,negative,gemini,1,osf,6jmfx
6jmfx,negative,gemini,1,osf,xyjwh
6jmfx,negative,gemini,1,osf,m8prf
6jmfx,negative,gemini,2,osf,6jmfx
6jmfx,negative,gemini,2,osf,xyjwh
6jmfx,negative,gemini,3,osf,6jmfx
6jmfx,negative,gemini,3,osf,xyjwh
6jmfx,negative,gemini,4,osf,6jmfx
6jmfx,negative,gemini,4,osf,xyjwh
6jmfx,negative,gemini,4,kaggle,sridipbasu/ai-depndency-career-anxiety-and-student-burnout
6jmfx,negative,gemini,4,kaggle,drpedropinto/llms-dataset-ufpb
6jmfx,negative,gemini,4,github,DataInfamous/silver-memory
6jmfx,negative,gemini,4,kaggle,balams81/ai-in-stem-education
6jmfx,negative,gemini,4,kaggle,xvgwest/ramnet-cognitive-dataset
6jmfx,negative,gemini,4,kaggle,jockeroika/what-happened
6jmfx,negative,gemini,4,osf,tz9pe
6jmfx,negative,gemini,4,osf,eba2j
6jmfx,negative,gemini,4,osf,sqytx
6jmfx,negative,gemini,4,osf,skjgq
6jmfx,negative,gemini,4,osf,4xt8m
6jmfx,negative,gemini,5,osf,6jmfx
6jmfx,negative,gemini,5,osf,yrgkv
6jmfx,negative,gemini,5,kaggle,sridipbasu/ai-depndency-career-anxiety-and-student-burnout
6jmfx,negative,gemini,5,osf,95ghd
6jmfx,negative,gemini,5,osf,xyjwh
6jmfx,negative,gemini,5,kaggle,researchailabs/genai-student-engagement-and-academic-impact
6jmfx,positive,claude,0,osf,6jmfx
6jmfx,positive,claude,0,osf,xyjwh
6jmfx,positive,claude,1,kaggle,jocelyndumlao/global-student-perceptions-of-chatgpt
6jmfx,positive,claude,1,osf,2fudc
6jmfx,positive,claude,1,osf,6jmfx
6jmfx,positive,claude,1,osf,xyjwh
6jmfx,positive,claude,2,osf,6jmfx
6jmfx,positive,claude,2,osf,xyjwh
6jmfx,positive,claude,3,osf,xyjwh
6jmfx,positive,claude,3,osf,6jmfx
6jmfx,positive,claude,3,osf,edkf6
6jmfx,positive,claude,4,osf,6jmfx
6jmfx,positive,claude,4,osf,xyjwh
6jmfx,positive,claude,5,osf,6jmfx
6jmfx,positive,claude,5,osf,xyjwh
6jmfx,positive,codex,0,osf,xyjwh
6jmfx,positive,codex,0,osf,6jmfx
6jmfx,positive,codex,0,kaggle,drpedropinto/llms-dataset-ufpb
6jmfx,positive,codex,0,osf,2fudc
6jmfx,positive,codex,1,osf,xyjwh
6jmfx,positive,codex,1,osf,6jmfx
6jmfx,positive,codex,1,kaggle,drpedropinto/llms-dataset-ufpb
6jmfx,positive,codex,2,osf,xyjwh
6jmfx,positive,codex,2,kaggle,drpedropinto/llms-dataset-ufpb
6jmfx,positive,codex,2,osf,6jmfx
6jmfx,positive,codex,2,github,pintophr/Assessing-the-Psychological-Impact-of-Generative-AI-on-Data-Science-Education
6jmfx,positive,codex,3,osf,xyjwh
6jmfx,positive,codex,3,osf,6jmfx
6jmfx,positive,codex,3,kaggle,drpedropinto/llms-dataset-ufpb
6jmfx,positive,codex,3,kaggle,sridipbasu/ai-depndency-career-anxiety-and-student-burnout
6jmfx,positive,codex,4,osf,m8prf
6jmfx,positive,codex,4,osf,deycn
6jmfx,positive,codex,4,kaggle,sridipbasu/ai-depndency-career-anxiety-and-student-burnout
6jmfx,positive,codex,4,osf,y6kfs
6jmfx,positive,codex,4,osf,6jmfx
6jmfx,positive,codex,4,kaggle,researchailabs/genai-student-engagement-and-academic-impact
6jmfx,positive,codex,4,osf,95ghd
6jmfx,positive,codex,4,osf,xyjwh
6jmfx,positive,codex,4,osf,h4up2
6jmfx,positive,codex,4,osf,gzfv4
6jmfx,positive,codex,4,osf,ef3b5
6jmfx,positive,codex,4,osf,2fudc
6jmfx,positive,codex,4,osf,3e7nd
6jmfx,positive,codex,5,osf,3uyna
6jmfx,positive,codex,5,github,carolineozone/motivation-llm-inference
6jmfx,positive,codex,5,osf,6jmfx
6jmfx,positive,codex,5,kaggle,sridipbasu/ai-depndency-career-anxiety-and-student-burnout
6jmfx,positive,codex,5,osf,2fudc
6jmfx,positive,codex,5,osf,h4up2
6jmfx,positive,codex,5,kaggle,meruvakodandasuraj/global-ai-adoption-and-workforce-impact-survey-24-26
6jmfx,positive,codex,5,osf,6pvqy
6jmfx,positive,codex,5,osf,bxsrd
6jmfx,positive,codex,5,osf,qspwd
6jmfx,positive,codex,5,kaggle,researchailabs/genai-student-engagement-and-academic-impact
6jmfx,positive,codex,5,osf,3jqga
6jmfx,positive,codex,5,osf,xyjwh
6jmfx,positive,gemini,0,osf,6jmfx
6jmfx,positive,gemini,0,osf,xyjwh
6jmfx,positive,gemini,0,osf,m8prf
6jmfx,positive,gemini,1,osf,6jmfx
6jmfx,positive,gemini,1,osf,xyjwh
6jmfx,positive,gemini,2,osf,xyjwh
6jmfx,positive,gemini,2,osf,6jmfx
6jmfx,positive,gemini,3,osf,6jmfx
6jmfx,positive,gemini,3,osf,xyjwh
6jmfx,positive,gemini,4,osf,6jmfx
6jmfx,positive,gemini,4,github,DataInfamous/silver-memory
6jmfx,positive,gemini,4,kaggle,jockeroika/what-happened
6jmfx,positive,gemini,4,osf,xyjwh
6jmfx,positive,gemini,4,osf,sqytx
6jmfx,positive,gemini,4,osf,j7f6v
6jmfx,positive,gemini,4,kaggle,sridipbasu/ai-depndency-career-anxiety-and-student-burnout
6jmfx,positive,gemini,5,osf,6jmfx
6jmfx,positive,gemini,5,osf,xyjwh
6jmfx,positive,gemini,5,kaggle,sridipbasu/ai-depndency-career-anxiety-and-student-burnout
av,negative,claude,0,hf,maxinelson/autonomous-vehicle-human-traffic-accidents-safety-california
av,negative,claude,1,hf,maxinelson/autonomous-vehicle-human-traffic-accidents-safety-california
av,negative,claude,2,hf,maxinelson/autonomous-vehicle-human-traffic-accidents-safety-california
av,negative,claude,3,hf,maxinelson/autonomous-vehicle-human-traffic-accidents-safety-california
av,negative,claude,3,kaggle,art12400/2019-autonomous-vehicle-disengagement-reports
av,negative,claude,3,kaggle,alexgude/california-traffic-collision-data-from-switrs
av,negative,claude,3,github,wgetsnaps/ca-dmv-autonomous-vehicle-accidents
av,negative,claude,3,github,saquibmh/Automated-California-AV-Dataset
av,negative,claude,4,github,xuyimingxym/CA-AV-Collision-Data
av,negative,claude,4,github,saquibmh/Automated-California-AV-Dataset
av,negative,claude,4,kaggle,alexgude/california-traffic-collision-data-from-switrs
av,negative,claude,4,kaggle,thedevastator/tesla-accident-fatalities-analysis-and-statistic
av,negative,claude,4,kaggle,art12400/2019-autonomous-vehicle-disengagement-reports
av,negative,claude,4,kaggle,kmkim24/2021-autonomous-vehicle-disengagement-reports
av,negative,claude,4,hf,maxinelson/autonomous-vehicle-human-traffic-accidents-safety-california
av,negative,claude,4,github,wgetsnaps/ca-dmv-autonomous-vehicle-accidents
av,negative,claude,4,github,manimalakumar/Autonomous-Vehicle-CA-DMV
av,negative,claude,4,kaggle,anokas/2015-us-traffic-fatalities
av,negative,claude,5,hf,maxinelson/autonomous-vehicle-human-traffic-accidents-safety-california
av,negative,claude,5,kaggle,ibriiee/tesla-autonomous-deaths-data-updated-2023
av,negative,claude,5,kaggle,lordvoldemortt/fatal-motor-vehicle-crashes-2022-nhsta
av,negative,claude,5,github,AmolikaSinha/Autonomous-Vehicle-Trial-Data-DMV
av,negative,claude,5,github,rguptafolio/Autonomous-Vehicle-Safety-Analysis
av,negative,codex,0,hf,maxinelson/autonomous-vehicle-human-traffic-accidents-safety-california
av,negative,codex,0,github,melyabroudi/OL316-Parsing-
av,negative,codex,0,kaggle,alexgude/california-traffic-collision-data-from-switrs
av,negative,codex,0,github,galravid/Autonomous-Vehicle-Accidents
av,negative,codex,0,github,Shahrzadch/Autonomous-Vehicle-Accidents
av,negative,codex,0,github,AbhinaviMadireddy/Autonomous-Vehicle-Safety-Analysis
av,negative,codex,1,github,saquibmh/Automated-California-AV-Dataset
av,negative,codex,1,hf,maxinelson/autonomous-vehicle-human-traffic-accidents-safety-california
av,negative,codex,1,kaggle,alexgude/california-traffic-collision-data-from-switrs
av,negative,codex,1,github,xuyimingxym/CA-AV-Collision-Data
av,negative,codex,1,github,melyabroudi/OL316-Parsing-
av,negative,codex,2,hf,maxinelson/autonomous-vehicle-human-traffic-accidents-safety-california
av,negative,codex,2,kaggle,alexgude/california-traffic-collision-data-from-switrs
av,negative,codex,2,github,melyabroudi/OL316-Parsing-
av,negative,codex,2,github,saquibmh/Automated-California-AV-Dataset
av,negative,codex,2,kaggle,thedevastator/road-traffic-injuries-in-california
av,negative,codex,3,hf,maxinelson/autonomous-vehicle-human-traffic-accidents-safety-california
av,negative,codex,3,github,saquibmh/Automated-California-AV-Dataset
av,negative,codex,3,github,melyabroudi/OL316-Parsing-
av,negative,codex,3,kaggle,alexgude/california-traffic-collision-data-from-switrs
av,negative,codex,3,osf,5hkmd
av,negative,codex,4,hf,maxinelson/autonomous-vehicle-human-traffic-accidents-safety-california
av,negative,codex,4,github,sjlloyd07/nhtsa_fatal_crash_report
av,negative,codex,4,github,kjhealy/farsdata
av,negative,codex,4,github,saquibmh/Automated-California-AV-Dataset
av,negative,codex,4,kaggle,sachinbagale/road-traffic-injuries
av,negative,codex,4,github,ItzelXu/traffic-fatalities-sql-analysis
av,negative,codex,4,github,prathyushapingili421/Analysis-of-Road-Accident-in-California
av,negative,codex,4,hf,claritystorm/nhtsa-fars-1975-2023
av,negative,codex,5,hf,maxinelson/autonomous-vehicle-human-traffic-accidents-safety-california
av,negative,codex,5,hf,claritystorm/nhtsa-fars-1975-2023
av,negative,codex,5,github,saquibmh/Automated-California-AV-Dataset
av,negative,codex,5,kaggle,nhtsa/2015-traffic-fatalities
av,negative,codex,5,osf,5hkmd
av,negative,codex,5,kaggle,ibriiee/tesla-autonomous-deaths-data-updated-2023
av,negative,codex,5,kaggle,lordvoldemortt/fatal-motor-vehicle-crashes-2022-nhsta
av,negative,codex,5,github,readytensor/rt-datasets-fars
av,negative,codex,5,kaggle,art12400/2019-autonomous-vehicle-disengagement-reports
av,negative,codex,5,github,Kchunilal/nhtsa-ads-analysis
av,negative,codex,5,kaggle,kmkim24/2021-autonomous-vehicle-disengagement-reports
av,negative,codex,5,osf,bu5d2
av,negative,codex,5,osf,n46k5
av,negative,gemini,0,hf,maxinelson/autonomous-vehicle-human-traffic-accidents-safety-california
av,negative,gemini,0,github,xuyimingxym/CA-AV-Collision-Data
av,negative,gemini,0,github,FrancoisPoinsignon/DMV_AV_Crash_Extractor
av,negative,gemini,0,github,manimalakumar/Autonomous-Vehicle-CA-DMV
av,negative,gemini,0,kaggle,thedevastator/road-traffic-injuries-in-california
av,negative,gemini,0,kaggle,alexgude/california-traffic-collision-data-from-switrs
av,negative,gemini,1,hf,maxinelson/autonomous-vehicle-human-traffic-accidents-safety-california
av,negative,gemini,2,hf,maxinelson/autonomous-vehicle-human-traffic-accidents-safety-california
av,negative,gemini,2,github,saquibmh/Automated-California-AV-Dataset
av,negative,gemini,2,github,xuyimingxym/CA-AV-Collision-Data
av,negative,gemini,2,kaggle,alexgude/california-traffic-collision-data-from-switrs
av,negative,gemini,3,hf,maxinelson/autonomous-vehicle-human-traffic-accidents-safety-california
av,negative,gemini,3,kaggle,art12400/2019-autonomous-vehicle-disengagement-reports
av,negative,gemini,3,github,wgetsnaps/ca-dmv-autonomous-vehicle-accidents
av,negative,gemini,3,kaggle,alexgude/california-traffic-collision-data-from-switrs
av,negative,gemini,3,github,saquibmh/Automated-California-AV-Dataset
av,negative,gemini,3,github,galravid/Autonomous-Vehicle-Accidents
av,negative,gemini,4,hf,maxinelson/autonomous-vehicle-human-traffic-accidents-safety-california
av,negative,gemini,5,hf,maxinelson/autonomous-vehicle-human-traffic-accidents-safety-california
av,negative,gemini,5,osf,p9ysc
av,negative,gemini,5,github,trust-ai/SafeBench
av,negative,gemini,5,osf,5hkmd
av,negative,gemini,5,kaggle,art12400/2019-autonomous-vehicle-disengagement-reports
av,positive,claude,0,hf,maxinelson/autonomous-vehicle-human-traffic-accidents-safety-california
av,positive,claude,1,hf,maxinelson/autonomous-vehicle-human-traffic-accidents-safety-california
av,positive,claude,2,hf,maxinelson/autonomous-vehicle-human-traffic-accidents-safety-california
av,positive,claude,3,github,AmolikaSinha/Autonomous-Vehicle-Trial-Data-DMV
av,positive,claude,3,github,Arjithab/Safety-in-Autonomous-vehicles
av,positive,claude,3,kaggle,sripaadsrinivasan/tesla-death-data
av,positive,claude,3,github,rguptafolio/Autonomous-Vehicle-Safety-Analysis
av,positive,claude,3,hf,maxinelson/autonomous-vehicle-human-traffic-accidents-safety-california
av,positive,claude,3,kaggle,art12400/2019-autonomous-vehicle-disengagement-reports
av,positive,claude,4,github,xuyimingxym/CA-AV-Collision-Data
av,positive,claude,4,github,rolandd/av-crashes
av,positive,claude,4,github,Arnold0824/ca_dmv_rear_end_injury
av,positive,claude,4,kaggle,anshankul/accident-in-california
av,positive,claude,4,kaggle,thedevastator/road-traffic-injuries-in-california
av,positive,claude,4,hf,maxinelson/autonomous-vehicle-human-traffic-accidents-safety-california
av,positive,claude,4,github,saquibmh/Automated-California-AV-Dataset
av,positive,claude,4,kaggle,art12400/2019-autonomous-vehicle-disengagement-reports
av,positive,claude,4,kaggle,sachinbagale/road-traffic-injuries
av,positive,claude,4,kaggle,petermayich/car-crashes-california-2006-2021
av,positive,claude,4,kaggle,kmkim24/2021-autonomous-vehicle-disengagement-reports
av,positive,claude,5,kaggle,nhtsa/2015-traffic-fatalities
av,positive,claude,5,kaggle,thedevastator/tesla-accident-fatalities-analysis-and-statistic
av,positive,claude,5,hf,maxinelson/autonomous-vehicle-human-traffic-accidents-safety-california
av,positive,codex,0,hf,maxinelson/autonomous-vehicle-human-traffic-accidents-safety-california
av,positive,codex,0,github,saquibmh/Automated-California-AV-Dataset
av,positive,codex,0,kaggle,alexgude/california-traffic-collision-data-from-switrs
av,positive,codex,1,hf,maxinelson/autonomous-vehicle-human-traffic-accidents-safety-california
av,positive,codex,1,github,saquibmh/Automated-California-AV-Dataset
av,positive,codex,1,kaggle,alexgude/california-traffic-collision-data-from-switrs
av,positive,codex,1,github,agude/SWITRS-to-SQLite
av,positive,codex,1,github,melyabroudi/OL316-Parsing-
av,positive,codex,1,github,galravid/Autonomous-Vehicle-Accidents
av,positive,codex,1,kaggle,thedevastator/road-traffic-injuries-in-california
av,positive,codex,1,osf,386kc
av,positive,codex,2,hf,maxinelson/autonomous-vehicle-human-traffic-accidents-safety-california
av,positive,codex,2,github,saquibmh/Automated-California-AV-Dataset
av,positive,codex,2,kaggle,petermayich/car-crashes-california-2006-2021
av,positive,codex,2,github,melyabroudi/OL316-Parsing-
av,positive,codex,2,github,xuyimingxym/CA-AV-Collision-Data
av,positive,codex,2,github,wgetsnaps/ca-dmv-autonomous-vehicle-accidents
av,positive,codex,2,kaggle,alexgude/california-traffic-collision-data-from-switrs
av,positive,codex,2,github,agude/SWITRS-to-SQLite
av,positive,codex,3,hf,maxinelson/autonomous-vehicle-human-traffic-accidents-safety-california
av,positive,codex,3,kaggle,thedevastator/road-traffic-injuries-in-california
av,positive,codex,3,github,melyabroudi/OL316-Parsing-
av,positive,codex,3,kaggle,art12400/2019-autonomous-vehicle-disengagement-reports
av,positive,codex,3,kaggle,alexgude/california-traffic-collision-data-from-switrs
av,positive,codex,3,github,saquibmh/Automated-California-AV-Dataset
av,positive,codex,4,github,galravid/Autonomous-Vehicle-Accidents
av,positive,codex,4,hf,maxinelson/autonomous-vehicle-human-traffic-accidents-safety-california
av,positive,codex,4,github,saquibmh/Automated-California-AV-Dataset
av,positive,codex,4,github,xuyimingxym/CA-AV-Collision-Data
av,positive,codex,4,kaggle,thedevastator/road-traffic-injuries-in-california
av,positive,codex,5,osf,386kc
av,positive,codex,5,hf,maxinelson/autonomous-vehicle-human-traffic-accidents-safety-california
av,positive,codex,5,kaggle,lordvoldemortt/fatal-motor-vehicle-crashes-2022-nhsta
av,positive,codex,5,kaggle,nhtsa/2015-traffic-fatalities
av,positive,codex,5,kaggle,napolendevesa/fatality-analysis-reporting-us-1975-2021
av,positive,codex,5,kaggle,ibriiee/tesla-autonomous-deaths-data-updated-2023
av,positive,codex,5,osf,n46k5
av,positive,codex,5,osf,p9ysc
av,positive,gemini,0,hf,maxinelson/autonomous-vehicle-human-traffic-accidents-safety-california
av,positive,gemini,1,github,saquibmh/Automated-California-AV-Dataset
av,positive,gemini,1,github,galravid/Autonomous-Vehicle-Accidents
av,positive,gemini,1,kaggle,art12400/2019-autonomous-vehicle-disengagement-reports
av,positive,gemini,1,hf,maxinelson/autonomous-vehicle-human-traffic-accidents-safety-california
av,positive,gemini,2,hf,maxinelson/autonomous-vehicle-human-traffic-accidents-safety-california
av,positive,gemini,3,kaggle,art12400/2019-autonomous-vehicle-disengagement-reports
av,positive,gemini,3,github,Arjithab/Safety-in-Autonomous-vehicles
av,positive,gemini,3,kaggle,kmkim24/2021-autonomous-vehicle-disengagement-reports
av,positive,gemini,3,kaggle,alexgude/california-traffic-collision-data-from-switrs
av,positive,gemini,3,github,wgetsnaps/ca-dmv-autonomous-vehicle-accidents
av,positive,gemini,3,hf,maxinelson/autonomous-vehicle-human-traffic-accidents-safety-california
av,positive,gemini,3,hf,maxinelson/autonomous-vehicle-human-traffic-accidents-safety-california
av,positive,gemini,4,hf,maxinelson/autonomous-vehicle-human-traffic-accidents-safety-california
av,positive,gemini,4,hf,maxinelson/autonomous-vehicle-human-traffic-accidents-safety-california
av,positive,gemini,5,osf,d7skf
av,positive,gemini,5,hf,maxinelson/autonomous-vehicle-human-traffic-accidents-safety-california
fertility,negative,claude,0,github,zhouliqu/fertility-rate-collapse-europe
fertility,negative,claude,0,kaggle,gpreda/total-fertility-rate-in-europe
fertility,negative,claude,0,kaggle,gemartin/world-bank-data-1960-to-2016
fertility,negative,claude,0,kaggle,rishidamarla/fertility-rates-of-all-countries-1960present
fertility,negative,claude,0,kaggle,mdmuhtasimbillah/fertility-rate-vs-participation-in-workforce
fertility,negative,claude,0,kaggle,mdmuhtasimbillah/female-employment-vs-socioeconimic-factors
fertility,negative,claude,0,kaggle,gianinamariapetrascu/gender-pay-gap-europe-2010-2021
fertility,negative,claude,0,kaggle,gpreda/unemployment-in-european-union
fertility,negative,claude,1,github,zhouliqu/fertility-rate-collapse-europe
fertility,negative,claude,1,github,KMlynkowiak/economic-factors-vs-fertility
fertility,negative,claude,1,kaggle,gpreda/total-fertility-rate-in-europe
fertility,negative,claude,1,kaggle,nicolasgonzalezmunoz/world-bank-world-development-indicators
fertility,negative,claude,1,kaggle,iamsouravbanerjee/human-development-index-dataset
fertility,negative,claude,1,kaggle,iamsouravbanerjee/gender-inequality-index-dataset
fertility,negative,claude,2,kaggle,gpreda/total-fertility-rate-in-europe
fertility,negative,claude,2,kaggle,elmoallistair/fertility-rate-19602020
fertility,negative,claude,2,kaggle,mdmuhtasimbillah/fertility-rate-vs-participation-in-workforce
fertility,negative,claude,2,kaggle,omarsobhy14/fertility-rate-per-country
fertility,negative,claude,2,kaggle,nicolasgonzalezmunoz/world-bank-world-development-indicators
fertility,negative,claude,2,kaggle,robertolofaro/selected-indicators-from-world-bank-20002019
fertility,negative,claude,2,kaggle,jbrans/united-nations-social-indicators
fertility,negative,claude,2,kaggle,gpreda/unemployment-in-european-union
fertility,negative,claude,2,kaggle,gianinamariapetrascu/gender-pay-gap-europe-2010-2021
fertility,negative,claude,2,kaggle,ibrahimshahrukh/european-housing-price-index-dataset
fertility,negative,claude,2,kaggle,gemartin/world-bank-data-1960-to-2016
fertility,negative,claude,2,kaggle,michaelmatta0/global-development-indicators-2000-2020
fertility,negative,claude,2,kaggle,zgrcemta/world-gdpgdp-gdp-per-capita-and-annual-growths
fertility,negative,claude,2,kaggle,lucalullo/european-employment-unemployment-rates-2015-2024
fertility,negative,claude,2,kaggle,abidhussai512/gdp-and-consumption-per-capita
fertility,negative,claude,2,kaggle,nitishabharathi/gdp-per-capita-all-countries
fertility,negative,claude,2,kaggle,ivanchvez/fertility
fertility,negative,claude,2,kaggle,umitka/global-gender-equality-indicators
fertility,negative,claude,2,kaggle,burhanykiyakoglu/infant-mortality-fertility-income
fertility,negative,claude,2,kaggle,saadaziz1985/population-collapse
fertility,negative,claude,2,kaggle,willianoliveiragibin/eu-funds-indicators-eu27
fertility,negative,claude,2,kaggle,gpreda/population-by-education-level-in-europe
fertility,negative,claude,3,kaggle,gpreda/total-fertility-rate-in-europe
fertility,negative,claude,3,kaggle,umarzafar/immigration-trends-and-population-in-europe
fertility,negative,claude,3,kaggle,amaboh/uks-latest-migrations-statistics-1991-2024
fertility,negative,claude,3,kaggle,hashimkhanwazir/global-population-and-migration-dataset
fertility,negative,claude,3,kaggle,elmoallistair/fertility-rate-19602020
fertility,negative,claude,3,github,zhouliqu/fertility-rate-collapse-europe
fertility,negative,claude,4,kaggle,gpreda/total-fertility-rate-in-europe
fertility,negative,claude,4,kaggle,umarzafar/immigration-trends-and-population-in-europe
fertility,negative,claude,4,kaggle,amaboh/uks-latest-migrations-statistics-1991-2024
fertility,negative,claude,4,kaggle,elmoallistair/fertility-rate-19602020
fertility,negative,claude,4,hf,electricsheepeurope/europe-unicef-demographics
fertility,negative,claude,4,github,zhouliqu/fertility-rate-collapse-europe
fertility,negative,claude,5,github,zhouliqu/fertility-rate-collapse-europe
fertility,negative,claude,5,kaggle,umarzafar/immigration-trends-and-population-in-europe
fertility,negative,claude,5,kaggle,rishidamarla/fertility-rates-of-all-countries-1960present
fertility,negative,claude,5,kaggle,amaboh/uks-latest-migrations-statistics-1991-2024
fertility,negative,claude,5,kaggle,elmoallistair/fertility-rate-19602020
fertility,negative,claude,5,kaggle,gemartin/world-bank-data-1960-to-2016
fertility,negative,claude,5,kaggle,gpreda/total-fertility-rate-in-europe
fertility,negative,codex,0,kaggle,gpreda/total-fertility-rate-in-europe
fertility,negative,codex,0,github,zhouliqu/fertility-rate-collapse-europe
fertility,negative,codex,0,osf,3e297
fertility,negative,codex,0,kaggle,gemartin/world-bank-data-1960-to-2016
fertility,negative,codex,1,github,zhouliqu/fertility-rate-collapse-europe
fertility,negative,codex,1,osf,wkf5v
fertility,negative,codex,1,kaggle,gpreda/total-fertility-rate-in-europe
fertility,negative,codex,1,osf,3e297
fertility,negative,codex,1,kaggle,patelris/who-health-dataset-43-indicators-200-countries
fertility,negative,codex,2,kaggle,gemartin/world-bank-data-1960-to-2016
fertility,negative,codex,2,github,zhouliqu/fertility-rate-collapse-europe
fertility,negative,codex,2,kaggle,gpreda/total-fertility-rate-in-europe
fertility,negative,codex,2,osf,3e297
fertility,negative,codex,2,osf,wkf5v
fertility,negative,codex,3,github,zhouliqu/fertility-rate-collapse-europe
fertility,negative,codex,4,github,zhouliqu/fertility-rate-collapse-europe
fertility,negative,codex,4,kaggle,umarzafar/immigration-trends-and-population-in-europe
fertility,negative,codex,4,osf,3e297
fertility,negative,codex,4,github,barisalan00/migration-flows-europe
fertility,negative,codex,5,github,zhouliqu/fertility-rate-collapse-europe
fertility,negative,codex,5,github,natix-x/Data-mining-in-Migration-Analysis
fertility,negative,codex,5,kaggle,anzorovsamuel/future-of-french-civilization
fertility,negative,codex,5,osf,3e297
fertility,negative,codex,5,kaggle,amaboh/uks-latest-migrations-statistics-1991-2024
fertility,negative,codex,5,osf,h4qwb
fertility,negative,gemini,0,osf,3e297
fertility,negative,gemini,0,osf,92ury
fertility,negative,gemini,0,github,zhouliqu/fertility-rate-collapse-europe
fertility,negative,gemini,0,kaggle,gpreda/total-fertility-rate-in-europe
fertility,negative,gemini,0,kaggle,omarsobhy14/fertility-rate-per-country
fertility,negative,gemini,0,kaggle,gemartin/world-bank-data-1960-to-2016
fertility,negative,gemini,0,kaggle,saurabhbadole/world-development-indicators
fertility,negative,gemini,0,kaggle,mdmuhtasimbillah/fertility-rate-vs-participation-in-workforce
fertility,negative,gemini,1,kaggle,gpreda/total-fertility-rate-in-europe
fertility,negative,gemini,1,kaggle,rishidamarla/fertility-rates-of-all-countries-1960present
fertility,negative,gemini,1,kaggle,gemartin/world-bank-data-1960-to-2016
fertility,negative,gemini,1,kaggle,theworldbank/world-development-indicators
fertility,negative,gemini,1,kaggle,patelris/who-health-dataset-43-indicators-200-countries
fertility,negative,gemini,1,kaggle,ibrahimshahrukh/european-housing-price-index-dataset
fertility,negative,gemini,1,kaggle,mdmuhtasimbillah/female-employment-vs-socioeconimic-factors
fertility,negative,gemini,1,kaggle,timmofeyy/hourly-earnings-of-female-and-male-employees
fertility,negative,gemini,1,kaggle,ivanchvez/fertility
fertility,negative,gemini,1,kaggle,iamsouravbanerjee/inequality-in-education-around-the-world
fertility,negative,gemini,1,kaggle,saadaziz1985/population-collapse
fertility,negative,gemini,1,osf,3e297
fertility,negative,gemini,2,github,zhouliqu/fertility-rate-collapse-europe
fertility,negative,gemini,2,kaggle,gpreda/total-fertility-rate-in-europe
fertility,negative,gemini,2,kaggle,ivanchvez/fertility
fertility,negative,gemini,2,kaggle,babyoda/women-entrepreneurship-and-labor-force
fertility,negative,gemini,2,kaggle,mjshri23/life-expectancy-and-socio-economic-world-bank
fertility,negative,gemini,2,kaggle,ibrahimshahrukh/european-housing-price-index-dataset
fertility,negative,gemini,2,kaggle,omarsobhy14/fertility-rate-per-country
fertility,negative,gemini,2,kaggle,gemartin/world-bank-data-1960-to-2016
fertility,negative,gemini,2,kaggle,lucalullo/european-employment-unemployment-rates-2015-2024
fertility,negative,gemini,3,github,zhouliqu/fertility-rate-collapse-europe
fertility,negative,gemini,3,kaggle,darkmatternet/world-development-indicators-2000-2023
fertility,negative,gemini,3,kaggle,samybaladram/databank-world-development-indicators
fertility,negative,gemini,3,kaggle,omarsobhy14/fertility-rate-per-country
fertility,negative,gemini,3,kaggle,umarzafar/immigration-trends-and-population-in-europe
fertility,negative,gemini,3,kaggle,hashimkhanwazir/global-population-and-migration-dataset
fertility,negative,gemini,4,github,zhouliqu/fertility-rate-collapse-europe
fertility,negative,gemini,4,kaggle,gpreda/total-fertility-rate-in-europe
fertility,negative,gemini,4,kaggle,umarzafar/immigration-trends-and-population-in-europe
fertility,negative,gemini,5,github,zhouliqu/fertility-rate-collapse-europe
fertility,negative,gemini,5,github,ashfaaqeel/European-demographic-fertility-Analysis
fertility,positive,claude,0,github,zhouliqu/fertility-rate-collapse-europe
fertility,positive,claude,0,osf,3e297
fertility,positive,claude,0,kaggle,gpreda/total-fertility-rate-in-europe
fertility,positive,claude,0,kaggle,madhurpant/europe-population-data
fertility,positive,claude,0,kaggle,elmoallistair/fertility-rate-19602020
fertility,positive,claude,0,kaggle,mdmuhtasimbillah/fertility-rate-vs-participation-in-workforce
fertility,positive,claude,0,kaggle,gianinamariapetrascu/gender-pay-gap-europe-2010-2021
fertility,positive,claude,0,kaggle,gemartin/world-bank-data-1960-to-2016
fertility,positive,claude,0,kaggle,rishidamarla/fertility-rates-of-all-countries-1960present
fertility,positive,claude,0,kaggle,nelgiriyewithana/countries-of-the-world-2023
fertility,positive,claude,0,kaggle,sahirmaharajj/country-health-trends-dataset
fertility,positive,claude,0,kaggle,gpreda/unemployment-in-european-union
fertility,positive,claude,0,kaggle,michaelmatta0/global-development-indicators-2000-2020
fertility,positive,claude,0,kaggle,lucalullo/european-employment-unemployment-rates-2015-2024
fertility,positive,claude,0,kaggle,nicolasgonzalezmunoz/world-bank-world-development-indicators
fertility,positive,claude,0,kaggle,ibrahimshahrukh/european-housing-price-index-dataset
fertility,positive,claude,0,kaggle,parsabahramsari/wdi-education-health-and-employment-2011-2021
fertility,positive,claude,1,kaggle,gpreda/total-fertility-rate-in-europe
fertility,positive,claude,1,kaggle,ivanchvez/fertility
fertility,positive,claude,1,kaggle,nicolasgonzalezmunoz/world-bank-world-development-indicators
fertility,positive,claude,1,kaggle,michaelmatta0/global-development-indicators-2000-2020
fertility,positive,claude,1,kaggle,iamsouravbanerjee/human-development-index-dataset
fertility,positive,claude,1,kaggle,gianinamariapetrascu/gender-pay-gap-europe-2010-2021
fertility,positive,claude,1,kaggle,gpreda/population-by-education-level-in-europe
fertility,positive,claude,1,kaggle,ibrahimshahrukh/european-housing-price-index-dataset
fertility,positive,claude,1,hf,electricsheepafrica/africa-world-bank-country-topline-indicators
fertility,positive,claude,1,kaggle,gpreda/unemployment-in-european-union
fertility,positive,claude,1,kaggle,gemartin/world-bank-data-1960-to-2016
fertility,positive,claude,1,kaggle,gpreda/life-expectancy-in-europe-by-age-and-sex
fertility,positive,claude,1,kaggle,parsabahramsari/wdi-education-health-and-employment-2011-2021
fertility,positive,claude,1,kaggle,mdmuhtasimbillah/fertility-rate-vs-participation-in-workforce
fertility,positive,claude,1,kaggle,saurabhbadole/world-development-indicators
fertility,positive,claude,1,kaggle,omarsobhy14/fertility-rate-per-country
fertility,positive,claude,1,github,zhouliqu/fertility-rate-collapse-europe
fertility,positive,claude,2,github,zhouliqu/fertility-rate-collapse-europe
fertility,positive,claude,2,kaggle,gpreda/total-fertility-rate-in-europe
fertility,positive,claude,2,kaggle,michaelmatta0/global-development-indicators-2000-2020
fertility,positive,claude,2,kaggle,gpreda/unemployment-in-european-union
fertility,positive,claude,2,kaggle,elmoallistair/fertility-rate-19602020
fertility,positive,claude,2,kaggle,gemartin/world-bank-data-1960-to-2016
fertility,positive,claude,2,kaggle,robertolofaro/selected-indicators-from-world-bank-20002019
fertility,positive,claude,2,kaggle,nicolasgonzalezmunoz/world-bank-world-development-indicators
fertility,positive,claude,3,github,zhouliqu/fertility-rate-collapse-europe
fertility,positive,claude,3,kaggle,gpreda/total-fertility-rate-in-europe
fertility,positive,claude,3,kaggle,umarzafar/immigration-trends-and-population-in-europe
fertility,positive,claude,3,kaggle,amaboh/uks-latest-migrations-statistics-1991-2024
fertility,positive,claude,4,kaggle,gpreda/total-fertility-rate-in-europe
fertility,positive,claude,4,kaggle,umarzafar/immigration-trends-and-population-in-europe
fertility,positive,claude,4,github,zhouliqu/fertility-rate-collapse-europe
fertility,positive,claude,5,kaggle,umarzafar/immigration-trends-and-population-in-europe
fertility,positive,claude,5,kaggle,amaboh/uks-latest-migrations-statistics-1991-2024
fertility,positive,claude,5,kaggle,gemartin/world-bank-data-1960-to-2016
fertility,positive,claude,5,kaggle,gpreda/total-fertility-rate-in-europe
fertility,positive,claude,5,osf,h4qwb
fertility,positive,claude,5,kaggle,elmoallistair/fertility-rate-19602020
fertility,positive,claude,5,github,zhouliqu/fertility-rate-collapse-europe
fertility,positive,claude,5,kaggle,rishidamarla/fertility-rates-of-all-countries-1960present
fertility,positive,claude,5,kaggle,sndorburian/statistics-on-migration-to-europe
fertility,positive,claude,5,kaggle,nelgiriyewithana/countries-of-the-world-2023
fertility,positive,codex,0,github,zhouliqu/fertility-rate-collapse-europe
fertility,positive,codex,0,kaggle,gpreda/total-fertility-rate-in-europe
fertility,positive,codex,0,osf,3e297
fertility,positive,codex,0,github,PPgp/wpp2022
fertility,positive,codex,1,kaggle,gpreda/total-fertility-rate-in-europe
fertility,positive,codex,1,github,zhouliqu/fertility-rate-collapse-europe
fertility,positive,codex,1,osf,3e297
fertility,positive,codex,1,osf,wkf5v
fertility,positive,codex,2,kaggle,ivanchvez/fertility
fertility,positive,codex,2,kaggle,gpreda/total-fertility-rate-in-europe
fertility,positive,codex,2,osf,3e297
fertility,positive,codex,2,github,zhouliqu/fertility-rate-collapse-europe
fertility,positive,codex,2,kaggle,darkmatternet/world-development-indicators-2000-2023
fertility,positive,codex,3,github,zhouliqu/fertility-rate-collapse-europe
fertility,positive,codex,3,osf,3e297
fertility,positive,codex,3,github,barisalan00/migration-flows-europe
fertility,positive,codex,3,kaggle,amaboh/uks-latest-migrations-statistics-1991-2024
fertility,positive,codex,3,kaggle,samybaladram/databank-world-development-indicators
fertility,positive,codex,3,github,natix-x/Data-mining-in-Migration-Analysis
fertility,positive,codex,4,kaggle,gpreda/total-fertility-rate-in-europe
fertility,positive,codex,4,kaggle,umarzafar/immigration-trends-and-population-in-europe
fertility,positive,codex,4,github,ashfaaqeel/European-demographic-fertility-Analysis
fertility,positive,codex,4,github,zhouliqu/fertility-rate-collapse-europe
fertility,positive,codex,4,kaggle,amaboh/uks-latest-migrations-statistics-1991-2024
fertility,positive,codex,4,github,natix-x/Data-mining-in-Migration-Analysis
fertility,positive,codex,5,github,zhouliqu/fertility-rate-collapse-europe
fertility,positive,codex,5,osf,3e297
fertility,positive,codex,5,kaggle,anzorovsamuel/future-of-french-civilization
fertility,positive,codex,5,osf,h4qwb
fertility,positive,gemini,0,github,zhouliqu/fertility-rate-collapse-europe
fertility,positive,gemini,0,kaggle,gpreda/total-fertility-rate-in-europe
fertility,positive,gemini,0,kaggle,omarsobhy14/fertility-rate-per-country
fertility,positive,gemini,0,kaggle,gemartin/world-bank-data-1960-to-2016
fertility,positive,gemini,0,kaggle,nicolasgonzalezmunoz/world-bank-world-development-indicators
fertility,positive,gemini,0,kaggle,mdmuhtasimbillah/fertility-rate-vs-participation-in-workforce
fertility,positive,gemini,0,osf,3e297
fertility,positive,gemini,0,kaggle,elmoallistair/fertility-rate-19602020
fertility,positive,gemini,0,kaggle,rishidamarla/fertility-rates-of-all-countries-1960present
fertility,positive,gemini,1,kaggle,darkmatternet/world-development-indicators-2000-2023
fertility,positive,gemini,1,kaggle,aishimuskan/world-population-with-un-projections-19502100
fertility,positive,gemini,1,kaggle,gpreda/total-fertility-rate-in-europe
fertility,positive,gemini,1,github,zhouliqu/fertility-rate-collapse-europe
fertility,positive,gemini,1,kaggle,elmoallistair/fertility-rate-19602020
fertility,positive,gemini,1,kaggle,theworldbank/world-development-indicators
fertility,positive,gemini,1,kaggle,omarsobhy14/fertility-rate-per-country
fertility,positive,gemini,2,kaggle,darkmatternet/world-development-indicators-2000-2023
fertility,positive,gemini,2,kaggle,gpreda/total-fertility-rate-in-europe
fertility,positive,gemini,2,osf,3e297
fertility,positive,gemini,2,kaggle,gemartin/world-bank-data-1960-to-2016
fertility,positive,gemini,2,github,zhouliqu/fertility-rate-collapse-europe
fertility,positive,gemini,3,github,zhouliqu/fertility-rate-collapse-europe
fertility,positive,gemini,3,kaggle,umarzafar/immigration-trends-and-population-in-europe
fertility,positive,gemini,3,kaggle,gpreda/total-fertility-rate-in-europe
fertility,positive,gemini,3,kaggle,amaboh/uks-latest-migrations-statistics-1991-2024
fertility,positive,gemini,3,kaggle,theworldbank/world-development-indicators
fertility,positive,gemini,4,github,zhouliqu/fertility-rate-collapse-europe
fertility,positive,gemini,4,kaggle,gpreda/total-fertility-rate-in-europe
fertility,positive,gemini,4,kaggle,muhammadaammartufail/population-and-net-migration-dataset-world-bank
fertility,positive,gemini,4,kaggle,hashimkhanwazir/global-population-and-migration-dataset
fertility,positive,gemini,5,github,zhouliqu/fertility-rate-collapse-europe
fertility,positive,gemini,5,osf,ct3qr
fertility,positive,gemini,5,osf,wf27k
fertility,positive,gemini,5,kaggle,gabbygab/fertility-data-set
hiring,negative,claude,0,kaggle,louislippens/the-state-of-hiring-discrimination
hiring,negative,claude,0,kaggle,belakiss/the-state-of-hiring-discrimination-extended-data
hiring,negative,claude,0,osf,mgc4y
hiring,negative,claude,0,osf,3xfzq
hiring,negative,claude,0,osf,bekzt
hiring,negative,claude,0,kaggle,utkarshx27/which-resume-attributes-drive-job-callbacks
hiring,negative,claude,1,kaggle,louislippens/the-state-of-hiring-discrimination
hiring,negative,claude,1,kaggle,belakiss/the-state-of-hiring-discrimination-extended-data
hiring,negative,claude,1,github,BloombergGraphics/2024-openai-gpt-hiring-racial-discrimination
hiring,negative,claude,1,osf,mgc4y
hiring,negative,claude,1,osf,n23v9
hiring,negative,claude,2,kaggle,louislippens/the-state-of-hiring-discrimination
hiring,negative,claude,2,kaggle,belakiss/the-state-of-hiring-discrimination-extended-data
hiring,negative,claude,2,osf,mgc4y
hiring,negative,claude,2,osf,n23v9
hiring,negative,claude,2,osf,ma6vx
hiring,negative,claude,2,osf,9ct6e
hiring,negative,claude,2,osf,3xfzq
hiring,negative,claude,2,github,llippens/competition-discrimination
hiring,negative,claude,2,osf,bekzt
hiring,negative,claude,2,osf,cmfub
hiring,negative,claude,2,osf,pbnz6
hiring,negative,claude,2,osf,ea5n8
hiring,negative,claude,2,osf,6nv2t
hiring,negative,claude,3,kaggle,belakiss/the-state-of-hiring-discrimination-extended-data
hiring,negative,claude,3,kaggle,louislippens/the-state-of-hiring-discrimination
hiring,negative,claude,3,osf,mgc4y
hiring,negative,claude,3,github,BloombergGraphics/2024-openai-gpt-hiring-racial-discrimination
hiring,negative,claude,3,kaggle,guardeec/llm-bias-in-hr-systems
hiring,negative,claude,3,kaggle,chukwuemekachukwuma/ai-recruiter-bias-finding
hiring,negative,claude,3,osf,n23v9
hiring,negative,claude,3,osf,9ct6e
hiring,negative,claude,4,kaggle,louislippens/the-state-of-hiring-discrimination
hiring,negative,claude,4,kaggle,belakiss/the-state-of-hiring-discrimination-extended-data
hiring,negative,claude,4,osf,mgc4y
hiring,negative,claude,5,kaggle,louislippens/the-state-of-hiring-discrimination
hiring,negative,claude,5,kaggle,belakiss/the-state-of-hiring-discrimination-extended-data
hiring,negative,claude,5,kaggle,guardeec/llm-bias-in-hr-systems
hiring,negative,claude,5,kaggle,chukwuemekachukwuma/ai-recruiter-bias-finding
hiring,negative,claude,5,osf,mgc4y
hiring,negative,claude,5,osf,mhd7r
hiring,negative,claude,5,osf,aycpq
hiring,negative,claude,5,kaggle,sarcasmos/quantifying-bias-in-candidate-selection
hiring,negative,claude,5,kaggle,zulqarnain11/zzzzzzzzzzzzzzzz
hiring,negative,claude,5,kaggle,ictinstitute/utrecht-fairness-recruitment-dataset
hiring,negative,claude,5,osf,8zu5y
hiring,negative,claude,5,osf,bekzt
hiring,negative,claude,5,osf,3xfzq
hiring,negative,codex,0,osf,mgc4y
hiring,negative,codex,0,kaggle,belakiss/the-state-of-hiring-discrimination-extended-data
hiring,negative,codex,0,kaggle,louislippens/the-state-of-hiring-discrimination
hiring,negative,codex,0,kaggle,utkarshx27/which-resume-attributes-drive-job-callbacks
hiring,negative,codex,0,osf,ma6vx
hiring,negative,codex,0,osf,pt4gn
hiring,negative,codex,0,osf,bv7g6
hiring,negative,codex,1,osf,mgc4y
hiring,negative,codex,1,kaggle,louislippens/the-state-of-hiring-discrimination
hiring,negative,codex,1,kaggle,belakiss/the-state-of-hiring-discrimination-extended-data
hiring,negative,codex,1,kaggle,utkarshx27/which-resume-attributes-drive-job-callbacks
hiring,negative,codex,1,hf,nijdarshan/us-employment-discrimination
hiring,negative,codex,2,kaggle,belakiss/the-state-of-hiring-discrimination-extended-data
hiring,negative,codex,2,kaggle,louislippens/the-state-of-hiring-discrimination
hiring,negative,codex,2,osf,mgc4y
hiring,negative,codex,2,github,llippens/housing-labour-meta-analysis
hiring,negative,codex,2,kaggle,utkarshx27/which-resume-attributes-drive-job-callbacks
hiring,negative,codex,3,osf,mgc4y
hiring,negative,codex,3,kaggle,louislippens/the-state-of-hiring-discrimination
hiring,negative,codex,3,kaggle,belakiss/the-state-of-hiring-discrimination-extended-data
hiring,negative,codex,3,github,mait002/hiring-discrimination-audit-study
hiring,negative,codex,3,github,llippens/competition-discrimination
hiring,negative,codex,3,github,Monlo/Employment-Bias
hiring,negative,codex,4,osf,mgc4y
hiring,negative,codex,4,kaggle,louislippens/the-state-of-hiring-discrimination
hiring,negative,codex,4,kaggle,belakiss/the-state-of-hiring-discrimination-extended-data
hiring,negative,codex,5,osf,mgc4y
hiring,negative,codex,5,kaggle,louislippens/the-state-of-hiring-discrimination
hiring,negative,codex,5,kaggle,belakiss/the-state-of-hiring-discrimination-extended-data
hiring,negative,codex,5,hf,AzharAli05/Resume-Screening-Dataset
hiring,negative,codex,5,github,Monlo/Employment-Bias
hiring,negative,codex,5,osf,cbx2d
hiring,negative,gemini,0,kaggle,louislippens/the-state-of-hiring-discrimination
hiring,negative,gemini,0,kaggle,belakiss/the-state-of-hiring-discrimination-extended-data
hiring,negative,gemini,0,osf,6nv2t
hiring,negative,gemini,0,github,BloombergGraphics/2024-openai-gpt-hiring-racial-discrimination
hiring,negative,gemini,0,osf,mgc4y
hiring,negative,gemini,1,kaggle,louislippens/the-state-of-hiring-discrimination
hiring,negative,gemini,1,kaggle,belakiss/the-state-of-hiring-discrimination-extended-data
hiring,negative,gemini,1,osf,6nv2t
hiring,negative,gemini,1,osf,mgc4y
hiring,negative,gemini,1,github,BloombergGraphics/2024-openai-gpt-hiring-racial-discrimination
hiring,negative,gemini,2,kaggle,louislippens/the-state-of-hiring-discrimination
hiring,negative,gemini,2,github,BloombergGraphics/2024-openai-gpt-hiring-racial-discrimination
hiring,negative,gemini,2,osf,6nv2t
hiring,negative,gemini,2,kaggle,belakiss/the-state-of-hiring-discrimination-extended-data
hiring,negative,gemini,3,kaggle,louislippens/the-state-of-hiring-discrimination
hiring,negative,gemini,3,kaggle,belakiss/the-state-of-hiring-discrimination-extended-data
hiring,negative,gemini,3,github,BloombergGraphics/2024-openai-gpt-hiring-racial-discrimination
hiring,negative,gemini,3,osf,6nv2t
hiring,negative,gemini,3,osf,mgc4y
hiring,negative,gemini,4,kaggle,belakiss/the-state-of-hiring-discrimination-extended-data
hiring,negative,gemini,4,kaggle,louislippens/the-state-of-hiring-discrimination
hiring,negative,gemini,4,osf,mgc4y
hiring,negative,gemini,4,github,BloombergGraphics/2024-openai-gpt-hiring-racial-discrimination
hiring,negative,gemini,4,osf,6nv2t
hiring,negative,gemini,5,kaggle,louislippens/the-state-of-hiring-discrimination
hiring,negative,gemini,5,kaggle,belakiss/the-state-of-hiring-discrimination-extended-data
hiring,negative,gemini,5,osf,mhd7r
hiring,negative,gemini,5,kaggle,chukwuemekachukwuma/ai-recruiter-bias-finding
hiring,negative,gemini,5,kaggle,guardeec/llm-bias-in-hr-systems
hiring,negative,gemini,5,hf,Chemin-AI/Reasoning_Patterns_AI_Hiring_Bias_SEA
hiring,negative,gemini,5,osf,mgc4y
hiring,negative,gemini,5,github,pymetrics/audit-ai
hiring,negative,gemini,5,github,SocialCatalystLab/ape-papers
hiring,negative,gemini,5,github,BloombergGraphics/2024-openai-gpt-hiring-racial-discrimination
hiring,positive,claude,0,kaggle,louislippens/the-state-of-hiring-discrimination
hiring,positive,claude,0,kaggle,belakiss/the-state-of-hiring-discrimination-extended-data
hiring,positive,claude,0,osf,mgc4y
hiring,positive,claude,0,osf,n23v9
hiring,positive,claude,1,kaggle,louislippens/the-state-of-hiring-discrimination
hiring,positive,claude,1,kaggle,belakiss/the-state-of-hiring-discrimination-extended-data
hiring,positive,claude,1,osf,mgc4y
hiring,positive,claude,1,osf,n23v9
hiring,positive,claude,1,osf,bekzt
hiring,positive,claude,1,github,BloombergGraphics/2024-openai-gpt-hiring-racial-discrimination
hiring,positive,claude,2,kaggle,louislippens/the-state-of-hiring-discrimination
hiring,positive,claude,2,kaggle,belakiss/the-state-of-hiring-discrimination-extended-data
hiring,positive,claude,2,osf,mgc4y
hiring,positive,claude,2,github,BloombergGraphics/2024-openai-gpt-hiring-racial-discrimination
hiring,positive,claude,2,osf,6nv2t
hiring,positive,claude,2,osf,bekzt
hiring,positive,claude,3,kaggle,belakiss/the-state-of-hiring-discrimination-extended-data
hiring,positive,claude,3,kaggle,louislippens/the-state-of-hiring-discrimination
hiring,positive,claude,3,osf,mgc4y
hiring,positive,claude,3,osf,cmfub
hiring,positive,claude,3,osf,pbnz6
hiring,positive,claude,3,osf,3xfzq
hiring,positive,claude,3,osf,9ct6e
hiring,positive,claude,3,github,BloombergGraphics/2024-openai-gpt-hiring-racial-discrimination
hiring,positive,claude,4,kaggle,louislippens/the-state-of-hiring-discrimination
hiring,positive,claude,4,kaggle,belakiss/the-state-of-hiring-discrimination-extended-data
hiring,positive,claude,4,osf,mgc4y
hiring,positive,claude,5,kaggle,louislippens/the-state-of-hiring-discrimination
hiring,positive,claude,5,kaggle,belakiss/the-state-of-hiring-discrimination-extended-data
hiring,positive,claude,5,kaggle,chukwuemekachukwuma/ai-recruiter-bias-finding
hiring,positive,claude,5,kaggle,guardeec/llm-bias-in-hr-systems
hiring,positive,claude,5,osf,mgc4y
hiring,positive,claude,5,osf,mhd7r
hiring,positive,claude,5,osf,aycpq
hiring,positive,claude,5,kaggle,zulqarnain11/zzzzzzzzzzzzzzzz
hiring,positive,claude,5,kaggle,sarcasmos/quantifying-bias-in-candidate-selection
hiring,positive,claude,5,kaggle,sridipbasu/ai-hiring-bias-and-fairness-benchmark
hiring,positive,claude,5,osf,f57k3
hiring,positive,claude,5,osf,uenv7
hiring,positive,claude,5,osf,y93uj
hiring,positive,claude,5,osf,gmy5x
hiring,positive,claude,5,osf,upfdk
hiring,positive,claude,5,osf,8zu5y
hiring,positive,codex,0,osf,mgc4y
hiring,positive,codex,0,kaggle,louislippens/the-state-of-hiring-discrimination
hiring,positive,codex,0,kaggle,belakiss/the-state-of-hiring-discrimination-extended-data
hiring,positive,codex,0,github,llippens/competition-discrimination
hiring,positive,codex,0,github,mait002/hiring-discrimination-audit-study
hiring,positive,codex,0,osf,ftbej
hiring,positive,codex,0,osf,bekzt
hiring,positive,codex,0,hf,nijdarshan/us-employment-discrimination
hiring,positive,codex,1,osf,mgc4y
hiring,positive,codex,1,kaggle,louislippens/the-state-of-hiring-discrimination
hiring,positive,codex,1,kaggle,utkarshx27/which-resume-attributes-drive-job-callbacks
hiring,positive,codex,1,osf,6nv2t
hiring,positive,codex,1,kaggle,belakiss/the-state-of-hiring-discrimination-extended-data
hiring,positive,codex,1,github,llippens/competition-discrimination
hiring,positive,codex,1,osf,ma6vx
hiring,positive,codex,1,hf,nijdarshan/us-employment-discrimination
hiring,positive,codex,2,osf,mgc4y
hiring,positive,codex,2,kaggle,belakiss/the-state-of-hiring-discrimination-extended-data
hiring,positive,codex,2,kaggle,louislippens/the-state-of-hiring-discrimination
hiring,positive,codex,2,kaggle,utkarshx27/which-resume-attributes-drive-job-callbacks
hiring,positive,codex,2,osf,4eqn2
hiring,positive,codex,2,github,llippens/competition-discrimination
hiring,positive,codex,2,osf,pjrf5
hiring,positive,codex,2,osf,3xfzq
hiring,positive,codex,2,osf,74q69
hiring,positive,codex,3,osf,mgc4y
hiring,positive,codex,3,kaggle,louislippens/the-state-of-hiring-discrimination
hiring,positive,codex,3,kaggle,belakiss/the-state-of-hiring-discrimination-extended-data
hiring,positive,codex,3,osf,6nv2t
hiring,positive,codex,3,github,ekrose/drrank
hiring,positive,codex,4,kaggle,louislippens/the-state-of-hiring-discrimination
hiring,positive,codex,4,osf,mgc4y
hiring,positive,codex,4,kaggle,belakiss/the-state-of-hiring-discrimination-extended-data
hiring,positive,codex,4,osf,ma6vx
hiring,positive,codex,5,osf,mgc4y
hiring,positive,codex,5,kaggle,louislippens/the-state-of-hiring-discrimination
hiring,positive,codex,5,kaggle,belakiss/the-state-of-hiring-discrimination-extended-data
hiring,positive,gemini,0,kaggle,belakiss/the-state-of-hiring-discrimination-extended-data
hiring,positive,gemini,0,osf,mgc4y
hiring,positive,gemini,0,osf,bekzt
hiring,positive,gemini,0,osf,6nv2t
hiring,positive,gemini,0,github,BloombergGraphics/2024-openai-gpt-hiring-racial-discrimination
hiring,positive,gemini,0,kaggle,louislippens/the-state-of-hiring-discrimination
hiring,positive,gemini,0,osf,n23v9
hiring,positive,gemini,1,kaggle,louislippens/the-state-of-hiring-discrimination
hiring,positive,gemini,1,kaggle,belakiss/the-state-of-hiring-discrimination-extended-data
hiring,positive,gemini,1,github,BloombergGraphics/2024-openai-gpt-hiring-racial-discrimination
hiring,positive,gemini,1,osf,mgc4y
hiring,positive,gemini,1,osf,6nv2t
hiring,positive,gemini,1,osf,bekzt
hiring,positive,gemini,1,osf,ma6vx
hiring,positive,gemini,2,github,BloombergGraphics/2024-openai-gpt-hiring-racial-discrimination
hiring,positive,gemini,2,kaggle,louislippens/the-state-of-hiring-discrimination
hiring,positive,gemini,2,kaggle,belakiss/the-state-of-hiring-discrimination-extended-data
hiring,positive,gemini,2,osf,6nv2t
hiring,positive,gemini,3,kaggle,louislippens/the-state-of-hiring-discrimination
hiring,positive,gemini,3,kaggle,belakiss/the-state-of-hiring-discrimination-extended-data
hiring,positive,gemini,3,osf,mgc4y
hiring,positive,gemini,3,kaggle,guardeec/llm-bias-in-hr-systems
hiring,positive,gemini,3,osf,6nv2t
hiring,positive,gemini,3,github,BloombergGraphics/2024-openai-gpt-hiring-racial-discrimination
hiring,positive,gemini,4,kaggle,louislippens/the-state-of-hiring-discrimination
hiring,positive,gemini,4,kaggle,belakiss/the-state-of-hiring-discrimination-extended-data
hiring,positive,gemini,4,osf,mgc4y
hiring,positive,gemini,4,osf,6nv2t
hiring,positive,gemini,5,kaggle,louislippens/the-state-of-hiring-discrimination
hiring,positive,gemini,5,kaggle,belakiss/the-state-of-hiring-discrimination-extended-data
hiring,positive,gemini,5,kaggle,chukwuemekachukwuma/ai-recruiter-bias-finding
hiring,positive,gemini,5,kaggle,guardeec/llm-bias-in-hr-systems
hiring,positive,gemini,5,github,BloombergGraphics/2024-openai-gpt-hiring-racial-discrimination
hiring,positive,gemini,5,osf,mgc4y
hiring,positive,gemini,5,github,pymetrics/audit-ai
